{
 "type": "PowerTurret",
 "name": "Bush",
  "placeSound": "place-2",
  "placePitchChange": false,
  "destroySound": "destroy-small",
 "description": "menembakkan bola meriam",
 "targetAir": false,
 "targetGround": true,
 "health": 1400,
 "size": 2,
 "buildCostMultiplier": 0.2,
 "buildCost": 5,
 "inaccuracy": 3,
 "ammoPerShot": 0,
 "reload": 70,
 "recoil": 1,
 "rotateSpeed": 5,
 "shoots": 6,
 "shotWith": 1,
 "range": 300,
 "maxAmmo":50,
 "shootType": { 
    "type": "ArtilleryBulletType",
      "speed": 4,
      "damage": 110,
      "status": "blasted",
      "statusDuration": 4,
      "width": 15,
      "height": 15,
      "hitEffect": "blastExplosion",
      "shootEffect": "shootBig",
      "smokeEffect": "blastExplosion",
      "lifetime": 70,
      "pierce": false,
      "hitSize": 4,
	  "splashDamageRadius": 20,
	  "splashDamage": 110,
      "homingPower": 0,
      "homingRange": 0,
      "incendAmount": 8,
      "incendSpread": 4,
      "incendChance": 1,
	  "lightColor": "FC8282",
	  "lightOpacity": 0.7,
	  "lightRadius": 24.5,
	  "trailColor": "FFA6A6",
	  "trailLength": 7.5,
	  "trailWidth": 1.5,
 },
 "requirements": [
     {"item": "copper", "amount": 15},
	 {"item": "lead", "amount": 17}
     ],
 "consumes": {
     "power":5
 }
     "shootSound": "artillery-shot",
     "category": "turret",
     "alwaysUnlocked": true,
     "hasItems": true
     "research":"duo"
}