{
 "type": "itemTurret",
 "name": "Duo Scary",
  "placeSound": "place-2",
  "placePitchChange": false,
  "destroySound": "destroy-small",
 "description": "Menembakkan 1 peluru misil",
 "targetAir": true,
 "targetGround": true,
 "health": 200,
 "size": 1,
 "buildCostMultiplier": 0.2,
 "buildCost": 5,
 "inaccuracy": 3,
 "ammoPerShot": 0,
 "reload": 42,
 "recoil": 1,
 "rotateSpeed": 5,
 "shoots": 3,
 "shotWith": 1,
 "range": 260,
 "maxAmmo":50,
 "ammoTypes": { 
     "copper": {
      "type": "ArtilleryBulletType",
      "speed": 4,
      "damage": 14,
      "status": "blasted",
      "statusDuration": 4,
      "width": 7,
      "height": 7,
      "hitEffect": "blastExplosion",
      "shootEffect": "shootBig",
      "smokeEffect": "blastExplosion",
      "lifetime": 70,
      "pierce": false,
      "hitSize": 4,
	  "splashDamageRadius": 14,
	  "splashDamage": 14,
      "homingPower": 0,
      "homingRange": 0,
	  "lightColor": "FC8282",
	  "lightOpacity": 0.7,
	  "lightRadius": 24.5,
	  "trailColor": "FFA6A6",
	  "trailLength": 7.5,
	  "trailWidth": 1.5,
     }
 },
 "requirements": [
     {"item": "copper", "amount": 16}
     ],
     "shootSound": "artillery",
     "category": "turret",
     "alwaysUnlocked": true,
     "hasItems": true,
     "research": "duo"
}