{
 "type": "PowerTurret",
 "name": "Michael",
  "placeSound": "place-2",
  "placePitchChange": false,
  "destroySound": "destroy-small",
 "description": "Menembakkan peluru meriam ke depan,walaupun ada kekurangannya hehe",
 "targetAir": true,
 "targetGround": true,
 "health": 1000,
 "size": 2,
 "buildCostMultiplier": 0.2,
 "buildCost": 5,
 "inaccuracy": 3,
 "ammoPerShot": 0,
 "reload": 4.5,
 "recoil": 1,
 "rotateSpeed": 5,
 "shoots": 3,
 "shotWith": 3,
 "range": 180,
 "maxAmmo":50,
 "shootType": { 
    "type": "BasicBulletType",
	"height": 16,
	"width": 8,
	"homingRange": 0,
	"homingPower": 0,
    "damage": 16,
    "lifetime": 22,
    "speed": 8,
	"lightColor": "C47FFF",
    "lightOpacity": 0.7,
    "lightRadius": 24.5,
    "trailColor": "E39EFF",
    "trailLength": 7.5,
    "trailWidth": 2,
 },
 "requirements": [
     {"item": "titanium", "amount": 40},
     ],
 "consumes": {
     "power": 3,
 },
     "shootSound": "pkm_shot",
     "category": "turret",
     "alwaysUnlocked": true,
     "hasItems": true,
     "research": "bush"
}